INSERT INTO service_term (service_term_tag, required, revocable, created_at, updated_at)
VALUES
    ('GET-P 서비스 약관', true, false, NOW(), NOW());

INSERT INTO member (member_id, email, password, nickname, member_type, phone_number, created_at, updated_at)
VALUES
    (1, 'people1@gmail.com', '{bcrypt}$2a$10$xAqbKxNmGXBJ1DN3n4N2.OsEYiX253HOe7yIeb/LeEReR3K/3BKdu', '김하린', 'ROLE_PEOPLE', '010-1234-5678', NOW(), NOW()),
    (2, 'people2@gmail.com', '{bcrypt}$2a$10$xAqbKxNmGXBJ1DN3n4N2.OsEYiX253HOe7yIeb/LeEReR3K/3BKdu', '박도윤', 'ROLE_PEOPLE', '010-1234-5678', NOW(), NOW()),
    (3, 'people3@gmail.com', '{bcrypt}$2a$10$xAqbKxNmGXBJ1DN3n4N2.OsEYiX253HOe7yIeb/LeEReR3K/3BKdu', '이서준', 'ROLE_PEOPLE', '010-1234-5678', NOW(), NOW()),
    (4, 'people4@gmail.com', '{bcrypt}$2a$10$xAqbKxNmGXBJ1DN3n4N2.OsEYiX253HOe7yIeb/LeEReR3K/3BKdu', '최민호', 'ROLE_PEOPLE', '010-1234-5678', NOW(), NOW()),
    (5, 'people5@gmail.com', '{bcrypt}$2a$10$xAqbKxNmGXBJ1DN3n4N2.OsEYiX253HOe7yIeb/LeEReR3K/3BKdu', '정우성', 'ROLE_PEOPLE', '010-1234-5678', NOW(), NOW()),
    (6, 'people6@gmail.com', '{bcrypt}$2a$10$xAqbKxNmGXBJ1DN3n4N2.OsEYiX253HOe7yIeb/LeEReR3K/3BKdu', '오지훈', 'ROLE_PEOPLE', '010-1234-5678', NOW(), NOW()),
    (7, 'people7@gmail.com', '{bcrypt}$2a$10$xAqbKxNmGXBJ1DN3n4N2.OsEYiX253HOe7yIeb/LeEReR3K/3BKdu', '한나영', 'ROLE_PEOPLE', '010-1234-5678', NOW(), NOW()),
    (8, 'people8@gmail.com', '{bcrypt}$2a$10$xAqbKxNmGXBJ1DN3n4N2.OsEYiX253HOe7yIeb/LeEReR3K/3BKdu', '정서영', 'ROLE_PEOPLE', '010-1234-5678', NOW(), NOW()),
    (9, 'people9@gmail.com', '{bcrypt}$2a$10$xAqbKxNmGXBJ1DN3n4N2.OsEYiX253HOe7yIeb/LeEReR3K/3BKdu', '윤도현', 'ROLE_PEOPLE', '010-1234-5678', NOW(), NOW()),
    (10, 'people10@gmail.com', '{bcrypt}$2a$10$xAqbKxNmGXBJ1DN3n4N2.OsEYiX253HOe7yIeb/LeEReR3K/3BKdu', '문혜린', 'ROLE_PEOPLE', '010-1234-5678', NOW(), NOW()),
    (11, 'people11@gmail.com', '{bcrypt}$2a$10$xAqbKxNmGXBJ1DN3n4N2.OsEYiX253HOe7yIeb/LeEReR3K/3BKdu', '강수빈', 'ROLE_PEOPLE', '010-1234-5678', NOW(), NOW()),
    (12, 'people12@gmail.com', '{bcrypt}$2a$10$xAqbKxNmGXBJ1DN3n4N2.OsEYiX253HOe7yIeb/LeEReR3K/3BKdu', '백지환', 'ROLE_PEOPLE', '010-1234-5678', NOW(), NOW()),
    (13, 'people13@gmail.com', '{bcrypt}$2a$10$xAqbKxNmGXBJ1DN3n4N2.OsEYiX253HOe7yIeb/LeEReR3K/3BKdu', '서민지', 'ROLE_PEOPLE', '010-1234-5678', NOW(), NOW()),
    (14, 'people14@gmail.com', '{bcrypt}$2a$10$xAqbKxNmGXBJ1DN3n4N2.OsEYiX253HOe7yIeb/LeEReR3K/3BKdu', '안재현', 'ROLE_PEOPLE', '010-1234-5678', NOW(), NOW()),
    (15, 'people15@gmail.com', '{bcrypt}$2a$10$xAqbKxNmGXBJ1DN3n4N2.OsEYiX253HOe7yIeb/LeEReR3K/3BKdu', '신유진', 'ROLE_PEOPLE', '010-1234-5678', NOW(), NOW()),
    (16, 'people16@gmail.com', '{bcrypt}$2a$10$xAqbKxNmGXBJ1DN3n4N2.OsEYiX253HOe7yIeb/LeEReR3K/3BKdu', '임하나', 'ROLE_PEOPLE', '010-1234-5678', NOW(), NOW()),
    (17, 'people17@gmail.com', '{bcrypt}$2a$10$xAqbKxNmGXBJ1DN3n4N2.OsEYiX253HOe7yIeb/LeEReR3K/3BKdu', '권지우', 'ROLE_PEOPLE', '010-1234-5678', NOW(), NOW()),
    (18, 'people18@gmail.com', '{bcrypt}$2a$10$xAqbKxNmGXBJ1DN3n4N2.OsEYiX253HOe7yIeb/LeEReR3K/3BKdu', '홍나율', 'ROLE_PEOPLE', '010-1234-5678', NOW(), NOW()),
    (19, 'people19@gmail.com', '{bcrypt}$2a$10$xAqbKxNmGXBJ1DN3n4N2.OsEYiX253HOe7yIeb/LeEReR3K/3BKdu', '김예린', 'ROLE_PEOPLE', '010-1234-5678', NOW(), NOW()),
    (20, 'people20@gmail.com', '{bcrypt}$2a$10$xAqbKxNmGXBJ1DN3n4N2.OsEYiX253HOe7yIeb/LeEReR3K/3BKdu', '조다현', 'ROLE_PEOPLE', '010-1234-5678', NOW(), NOW()),
    (21, 'people21@gmail.com', '{bcrypt}$2a$10$xAqbKxNmGXBJ1DN3n4N2.OsEYiX253HOe7yIeb/LeEReR3K/3BKdu', '이지호', 'ROLE_PEOPLE', '010-1234-5678', NOW(), NOW()),
    (22, 'people22@gmail.com', '{bcrypt}$2a$10$xAqbKxNmGXBJ1DN3n4N2.OsEYiX253HOe7yIeb/LeEReR3K/3BKdu', '최다윤', 'ROLE_PEOPLE', '010-1234-5678', NOW(), NOW()),
    (23, 'people23@gmail.com', '{bcrypt}$2a$10$xAqbKxNmGXBJ1DN3n4N2.OsEYiX253HOe7yIeb/LeEReR3K/3BKdu', '송희수', 'ROLE_PEOPLE', '010-1234-5678', NOW(), NOW()),
    (24, 'people24@gmail.com', '{bcrypt}$2a$10$xAqbKxNmGXBJ1DN3n4N2.OsEYiX253HOe7yIeb/LeEReR3K/3BKdu', '이지민', 'ROLE_PEOPLE', '010-1234-5678', NOW(), NOW()),
    (25, 'people25@gmail.com', '{bcrypt}$2a$10$xAqbKxNmGXBJ1DN3n4N2.OsEYiX253HOe7yIeb/LeEReR3K/3BKdu', '최가람', 'ROLE_PEOPLE', '010-1234-5678', NOW(), NOW());

INSERT INTO member (member_id, email, password, nickname, member_type, phone_number, created_at, updated_at)
VALUES
    (26, 'client1@gmail.com', '{bcrypt}$2a$10$xAqbKxNmGXBJ1DN3n4N2.OsEYiX253HOe7yIeb/LeEReR3K/3BKdu', '아이네', 'ROLE_CLIENT', '010-1234-5678', NOW(), NOW()),
    (27, 'client2@gmail.com', '{bcrypt}$2a$10$xAqbKxNmGXBJ1DN3n4N2.OsEYiX253HOe7yIeb/LeEReR3K/3BKdu', '징버거', 'ROLE_CLIENT', '010-1234-5678', NOW(), NOW()),
    (28, 'client3@gmail.com', '{bcrypt}$2a$10$xAqbKxNmGXBJ1DN3n4N2.OsEYiX253HOe7yIeb/LeEReR3K/3BKdu', '릴파', 'ROLE_CLIENT', '010-1234-5678', NOW(), NOW()),
    (29, 'client4@gmail.com', '{bcrypt}$2a$10$xAqbKxNmGXBJ1DN3n4N2.OsEYiX253HOe7yIeb/LeEReR3K/3BKdu', '주르르', 'ROLE_CLIENT', '010-1234-5678', NOW(), NOW()),
    (30, 'client5@gmail.com', '{bcrypt}$2a$10$xAqbKxNmGXBJ1DN3n4N2.OsEYiX253HOe7yIeb/LeEReR3K/3BKdu', '고세구', 'ROLE_CLIENT', '010-1234-5678', NOW(), NOW()),
    (31, 'client6@gmail.com', '{bcrypt}$2a$10$xAqbKxNmGXBJ1DN3n4N2.OsEYiX253HOe7yIeb/LeEReR3K/3BKdu', '비챤', 'ROLE_CLIENT', '010-1234-5678', NOW(), NOW()),
    (32, 'client7@gmail.com', '{bcrypt}$2a$10$xAqbKxNmGXBJ1DN3n4N2.OsEYiX253HOe7yIeb/LeEReR3K/3BKdu', '장지우', 'ROLE_CLIENT', '010-1234-5678', NOW(), NOW()),
    (33, 'client8@gmail.com', '{bcrypt}$2a$10$xAqbKxNmGXBJ1DN3n4N2.OsEYiX253HOe7yIeb/LeEReR3K/3BKdu', '김나윤', 'ROLE_CLIENT', '010-1234-5678', NOW(), NOW()),
    (34, 'client9@gmail.com', '{bcrypt}$2a$10$xAqbKxNmGXBJ1DN3n4N2.OsEYiX253HOe7yIeb/LeEReR3K/3BKdu', '홍재민', 'ROLE_CLIENT', '010-1234-5678', NOW(), NOW()),
    (35, 'client10@gmail.com', '{bcrypt}$2a$10$xAqbKxNmGXBJ1DN3n4N2.OsEYiX253HOe7yIeb/LeEReR3K/3BKdu', '오채윤', 'ROLE_CLIENT', '010-1234-5678', NOW(), NOW()),
    (36, 'client11@gmail.com', '{bcrypt}$2a$10$xAqbKxNmGXBJ1DN3n4N2.OsEYiX253HOe7yIeb/LeEReR3K/3BKdu', '신가은', 'ROLE_CLIENT', '010-1234-5678', NOW(), NOW()),
    (37, 'client12@gmail.com', '{bcrypt}$2a$10$xAqbKxNmGXBJ1DN3n4N2.OsEYiX253HOe7yIeb/LeEReR3K/3BKdu', '강태민', 'ROLE_CLIENT', '010-1234-5678', NOW(), NOW()),
    (38, 'client13@gmail.com', '{bcrypt}$2a$10$xAqbKxNmGXBJ1DN3n4N2.OsEYiX253HOe7yIeb/LeEReR3K/3BKdu', '윤서현', 'ROLE_CLIENT', '010-1234-5678', NOW(), NOW()),
    (39, 'client14@gmail.com', '{bcrypt}$2a$10$xAqbKxNmGXBJ1DN3n4N2.OsEYiX253HOe7yIeb/LeEReR3K/3BKdu', '정예빈', 'ROLE_CLIENT', '010-1234-5678', NOW(), NOW()),
    (40, 'client15@gmail.com', '{bcrypt}$2a$10$xAqbKxNmGXBJ1DN3n4N2.OsEYiX253HOe7yIeb/LeEReR3K/3BKdu', '이도연', 'ROLE_CLIENT', '010-1234-5678', NOW(), NOW()),
    (41, 'client16@gmail.com', '{bcrypt}$2a$10$xAqbKxNmGXBJ1DN3n4N2.OsEYiX253HOe7yIeb/LeEReR3K/3BKdu', '박지민', 'ROLE_CLIENT', '010-1234-5678', NOW(), NOW()),
    (42, 'client17@gmail.com', '{bcrypt}$2a$10$xAqbKxNmGXBJ1DN3n4N2.OsEYiX253HOe7yIeb/LeEReR3K/3BKdu', '조하영', 'ROLE_CLIENT', '010-1234-5678', NOW(), NOW()),
    (43, 'client18@gmail.com', '{bcrypt}$2a$10$xAqbKxNmGXBJ1DN3n4N2.OsEYiX253HOe7yIeb/LeEReR3K/3BKdu', '문다현', 'ROLE_CLIENT', '010-1234-5678', NOW(), NOW()),
    (44, 'client19@gmail.com', '{bcrypt}$2a$10$xAqbKxNmGXBJ1DN3n4N2.OsEYiX253HOe7yIeb/LeEReR3K/3BKdu', '송예빈', 'ROLE_CLIENT', '010-1234-5678', NOW(), NOW()),
    (45, 'client20@gmail.com', '{bcrypt}$2a$10$xAqbKxNmGXBJ1DN3n4N2.OsEYiX253HOe7yIeb/LeEReR3K/3BKdu', '이수빈', 'ROLE_CLIENT', '010-1234-5678', NOW(), NOW()),
    (46, 'client21@gmail.com', '{bcrypt}$2a$10$xAqbKxNmGXBJ1DN3n4N2.OsEYiX253HOe7yIeb/LeEReR3K/3BKdu', '강지태', 'ROLE_CLIENT', '010-1234-5678', NOW(), NOW()),
    (47, 'client22@gmail.com', '{bcrypt}$2a$10$xAqbKxNmGXBJ1DN3n4N2.OsEYiX253HOe7yIeb/LeEReR3K/3BKdu', '장채윤', 'ROLE_CLIENT', '010-1234-5678', NOW(), NOW()),
    (48, 'client23@gmail.com', '{bcrypt}$2a$10$xAqbKxNmGXBJ1DN3n4N2.OsEYiX253HOe7yIeb/LeEReR3K/3BKdu', '박하린', 'ROLE_CLIENT', '010-1234-5678', NOW(), NOW()),
    (49, 'client24@gmail.com', '{bcrypt}$2a$10$xAqbKxNmGXBJ1DN3n4N2.OsEYiX253HOe7yIeb/LeEReR3K/3BKdu', '이지안', 'ROLE_CLIENT', '010-1234-5678', NOW(), NOW()),
    (50, 'client25@gmail.com', '{bcrypt}$2a$10$xAqbKxNmGXBJ1DN3n4N2.OsEYiX253HOe7yIeb/LeEReR3K/3BKdu', '김은호', 'ROLE_CLIENT', '010-1234-5678', NOW(), NOW());

INSERT INTO member_service_term_agreement (agreed, agreed_at, member_id, service_term_tag)
VALUES
    (true, NOW(), 1, 'GET-P 서비스 약관'),
    (true, NOW(), 2, 'GET-P 서비스 약관'),
    (true, NOW(), 3, 'GET-P 서비스 약관'),
    (true, NOW(), 4, 'GET-P 서비스 약관'),
    (true, NOW(), 5, 'GET-P 서비스 약관'),
    (true, NOW(), 6, 'GET-P 서비스 약관'),
    (true, NOW(), 7, 'GET-P 서비스 약관'),
    (true, NOW(), 8, 'GET-P 서비스 약관'),
    (true, NOW(), 9, 'GET-P 서비스 약관'),
    (true, NOW(), 10, 'GET-P 서비스 약관'),
    (true, NOW(), 11, 'GET-P 서비스 약관'),
    (true, NOW(), 12, 'GET-P 서비스 약관'),
    (true, NOW(), 13, 'GET-P 서비스 약관'),
    (true, NOW(), 14, 'GET-P 서비스 약관'),
    (true, NOW(), 15, 'GET-P 서비스 약관'),
    (true, NOW(), 16, 'GET-P 서비스 약관'),
    (true, NOW(), 17, 'GET-P 서비스 약관'),
    (true, NOW(), 18, 'GET-P 서비스 약관'),
    (true, NOW(), 19, 'GET-P 서비스 약관'),
    (true, NOW(), 20, 'GET-P 서비스 약관'),
    (true, NOW(), 21, 'GET-P 서비스 약관'),
    (true, NOW(), 22, 'GET-P 서비스 약관'),
    (true, NOW(), 23, 'GET-P 서비스 약관'),
    (true, NOW(), 24, 'GET-P 서비스 약관'),
    (true, NOW(), 25, 'GET-P 서비스 약관'),
    (true, NOW(), 26, 'GET-P 서비스 약관'),
    (true, NOW(), 27, 'GET-P 서비스 약관'),
    (true, NOW(), 28, 'GET-P 서비스 약관'),
    (true, NOW(), 29, 'GET-P 서비스 약관'),
    (true, NOW(), 30, 'GET-P 서비스 약관'),
    (true, NOW(), 31, 'GET-P 서비스 약관'),
    (true, NOW(), 32, 'GET-P 서비스 약관'),
    (true, NOW(), 33, 'GET-P 서비스 약관'),
    (true, NOW(), 34, 'GET-P 서비스 약관'),
    (true, NOW(), 35, 'GET-P 서비스 약관'),
    (true, NOW(), 36, 'GET-P 서비스 약관'),
    (true, NOW(), 37, 'GET-P 서비스 약관'),
    (true, NOW(), 38, 'GET-P 서비스 약관'),
    (true, NOW(), 39, 'GET-P 서비스 약관'),
    (true, NOW(), 40, 'GET-P 서비스 약관'),
    (true, NOW(), 41, 'GET-P 서비스 약관'),
    (true, NOW(), 42, 'GET-P 서비스 약관'),
    (true, NOW(), 43, 'GET-P 서비스 약관'),
    (true, NOW(), 44, 'GET-P 서비스 약관'),
    (true, NOW(), 45, 'GET-P 서비스 약관'),
    (true, NOW(), 46, 'GET-P 서비스 약관'),
    (true, NOW(), 47, 'GET-P 서비스 약관'),
    (true, NOW(), 48, 'GET-P 서비스 약관'),
    (true, NOW(), 49, 'GET-P 서비스 약관'),
    (true, NOW(), 50, 'GET-P 서비스 약관');

INSERT INTO people (
    people_id,
    member_id,
    activity_area,
    email,
    introduction,
    major,
    school,
    created_at,
    updated_at
)
VALUES
    (1, 1, '서울특별시 강남구', 'people1@gmail.com', '저는 웹 개발에 열정이 많은 개발자입니다.', '컴퓨터공학', '서울대학교', NOW(), NOW()),
    (2, 2, '서울특별시 송파구', 'people2@gmail.com', 'AI와 머신러닝 프로젝트에 많은 경험이 있습니다.', '컴퓨터과학', '연세대학교', NOW(), NOW()),
    (3, 3, '경기도 성남시', 'people3@gmail.com', '교육용 소프트웨어 개발에서 10년 이상의 경력을 가지고 있습니다.', '소프트웨어공학', '고려대학교', NOW(), NOW()),
    (4, 4, '부산광역시 해운대구', 'people4@gmail.com', '대규모 웹 애플리케이션 개발에 참여한 경험이 있습니다.', '컴퓨터공학', '성균관대학교', NOW(), NOW()),
    (5, 5, '대구광역시 중구', 'people5@gmail.com', '클라우드 컴퓨팅과 데이터베이스 관리에 관심이 많습니다.', '컴퓨터과학', 'KAIST', NOW(), NOW()),
    (6, 6, '인천광역시 남동구', 'people6@gmail.com', '사용자 인터페이스 디자인과 프론트엔드 개발을 선호합니다.', '컴퓨터공학', '홍익대학교', NOW(), NOW()),
    (7, 7, '서울특별시 관악구', 'people7@gmail.com', '의료 소프트웨어 개발 및 관리에 전문성을 가지고 있습니다.', '컴퓨터과학', '서울대학교 의과대학', NOW(), NOW()),
    (8, 8, '경기도 용인시', 'people8@gmail.com', '법률 관련 소프트웨어 솔루션을 개발한 경험이 있습니다.', '컴퓨터공학', '서울대학교 법과대학', NOW(), NOW()),
    (9, 9, '충청북도 청주시', 'people9@gmail.com', '임베디드 시스템과 IoT 개발에 많은 프로젝트를 수행했습니다.', '전자공학', 'POSTECH', NOW(), NOW()),
    (10, 10, '서울특별시 마포구', 'people10@gmail.com', '데이터 분석 및 마케팅 자동화 도구 개발에 강점을 가지고 있습니다.', '컴퓨터공학', '이화여자대학교', NOW(), NOW()),
    (11, 11, '서울특별시 종로구', 'people11@gmail.com', '게임 개발과 그래픽 디자인에 열정을 가지고 있습니다.', '게임공학', '한국예술종합학교', NOW(), NOW()),
    (12, 12, '경기도 고양시', 'people12@gmail.com', '최신 IT 트렌드와 혁신적인 소프트웨어 솔루션에 관심이 많습니다.', '소프트웨어공학', '경희대학교', NOW(), NOW()),
    (13, 13, '서울특별시 동작구', 'people13@gmail.com', '교육용 웹 애플리케이션 기획 및 개발에 전문성을 가지고 있습니다.', '교육공학', '한양대학교', NOW(), NOW()),
    (14, 14, '경기도 의정부시', 'people14@gmail.com', '효율적인 소프트웨어 아키텍처 설계에 집중하고 있습니다.', '컴퓨터공학', '중앙대학교', NOW(), NOW()),
    (15, 15, '전라북도 전주시', 'people15@gmail.com', '과학 데이터 분석 도구 개발에 강점을 가지고 있습니다.', '컴퓨터공학', '서울과학기술대학교', NOW(), NOW()),
    (16, 16, '서울특별시 서초구', 'people16@gmail.com', '사용자 경험을 중시하는 웹 디자인과 개발을 합니다.', '산업디자인', '국민대학교', NOW(), NOW()),
    (17, 17, '부산광역시 부산진구', 'people17@gmail.com', '의료 관련 데이터 분석 및 소프트웨어 개발에 전문성을 가지고 있습니다.', '컴퓨터공학', '부산대학교 의과대학', NOW(), NOW()),
    (18, 18, '서울특별시 강서구', 'people18@gmail.com', '법률 관련 소프트웨어 개발 및 데이터 분석에 강점을 가지고 있습니다.', '법학', '연세대학교 법과대학', NOW(), NOW()),
    (19, 19, '대전광역시 유성구', 'people19@gmail.com', '기계 공학과 소프트웨어 개발 문제 해결에 강점을 가지고 있습니다.', '기계공학', '한림대학교', NOW(), NOW()),
    (20, 20, '서울특별시 노원구', 'people20@gmail.com', '브랜드 구축과 마케팅 자동화 도구 개발에 경험이 많습니다.', '컴퓨터과학', '상명대학교', NOW(), NOW()),
    (21, 21, '서울특별시 성동구', 'people21@gmail.com', 'AI를 활용한 예술 작품 제작 및 관련 소프트웨어 개발에 참여하고 있습니다.', '컴퓨터공학', '서울예술대학교', NOW(), NOW()),
    (22, 22, '경기도 안양시', 'people22@gmail.com', '네트워크 관리 및 소프트웨어 솔루션 개발에 능숙합니다.', '네트워크공학', '국방과학연구소', NOW(), NOW()),
    (23, 23, '서울특별시 강북구', 'people23@gmail.com', '학생들을 위한 학습 관리 시스템 개발에 열정을 가지고 있습니다.', '학습심리학', '세종대학교', NOW(), NOW()),
    (24, 24, '경기도 성남시', 'people24@gmail.com', '글로벌 소프트웨어 개발 프로젝트를 관리합니다.', '국제경영', '인하대학교', NOW(), NOW()),
    (25, 25, '전라남도 광주시', 'people25@gmail.com', '혁신적인 과학 기술 기반 소프트웨어 솔루션을 개발하고 있습니다.', '화학', '충남대학교', NOW(), NOW());

INSERT INTO people_profile_hashtag (people_id, hashtags)
VALUES
    (1, '#웹개발'), (1, '#풀스택'),
    (2, '#AI'), (2, '#머신러닝'),
    (3, '#교육용소프트웨어'), (3, '#e러닝'),
    (4, '#대규모시스템'), (4, '#웹애플리케이션'),
    (5, '#클라우드컴퓨팅'), (5, '#데이터베이스'),
    (6, '#UI디자인'), (6, '#프론트엔드'),
    (7, '#의료소프트웨어'), (7, '#헬스케어'),
    (8, '#법률소프트웨어'), (8, '#계약관리'),
    (9, '#임베디드시스템'), (9, '#IoT'),
    (10, '#데이터분석'), (10, '#마케팅자동화'),
    (11, '#게임개발'), (11, '#그래픽디자인'),
    (12, '#최신IT트렌드'), (12, '#혁신'),
    (13, '#교육기획'), (13, '#웹애플리케이션'),
    (14, '#소프트웨어아키텍처'), (14, '#효율성'),
    (15, '#데이터분석도구'), (15, '#과학연구'),
    (16, '#UX디자인'), (16, '#웹디자인'),
    (17, '#의료데이터'), (17, '#임상연구'),
    (18, '#법률분석'), (18, '#소송관리'),
    (19, '#기계공학'), (19, '#문제해결'),
    (20, '#브랜드구축'), (20, '#마케팅'),
    (21, '#예술AI'), (21, '#소프트웨어개발'),
    (22, '#네트워크관리'), (22, '#시스템개발'),
    (23, '#학습관리시스템'), (23, '#교육개발'),
    (24, '#글로벌개발'), (24, '#프로젝트관리'),
    (25, '#과학기술'), (25, '#혁신솔루션');

INSERT INTO people_profile_tech_stack (people_id, tech_stacks)
VALUES
    (1, 'Java'), (1, 'JavaScript'), (1, 'Spring'),
    (2, 'Python'), (2, 'TensorFlow'), (2, 'Keras'),
    (3, 'JavaScript'), (3, 'React'), (3, 'Node.js'),
    (4, 'PHP'), (4, 'Laravel'), (4, 'Vue.js'),
    (5, 'AWS'), (5, 'Docker'), (5, 'Kubernetes'),
    (6, 'HTML'), (6, 'CSS'), (6, 'JavaScript'),
    (7, 'Python'), (7, 'Django'), (7, 'Flask'),
    (8, 'Ruby'), (8, 'Rails'), (8, 'PostgreSQL'),
    (9, 'C'), (9, 'C++'), (9, 'Embedded Systems'),
    (10, 'SQL'), (10, 'NoSQL'), (10, 'Power BI'),
    (11, 'Unity'), (11, 'C#'), (11, 'Blender'),
    (12, 'JavaScript'), (12, 'Angular'), (12, 'Node.js'),
    (13, 'Java'), (13, 'Spring Boot'), (13, 'MySQL'),
    (14, 'Go'), (14, 'Microservices'), (14, 'Kubernetes'),
    (15, 'Python'), (15, 'Pandas'), (15, 'Jupyter'),
    (16, 'Figma'), (16, 'Sketch'), (16, 'Adobe XD'),
    (17, 'R'), (17, 'Python'), (17, 'Biostatistics'),
    (18, 'C++'), (18, 'STL'), (18, 'Boost'),
    (19, 'MATLAB'), (19, 'Simulink'), (19, 'SolidWorks'),
    (20, 'JavaScript'), (20, 'SEO'), (20, 'Analytics'),
    (21, 'Python'), (21, 'OpenCV'), (21, 'TensorFlow'),
    (22, 'C'), (22, 'Network Programming'), (22, 'Linux'),
    (23, 'Python'), (23, 'Flask'), (23, 'PostgreSQL'),
    (24, 'Java'), (24, 'Cloud Computing'), (24, 'DevOps'),
    (25, 'Python'), (25, 'SciPy'), (25, 'MATLAB');

INSERT INTO people_profile_portfolio (people_id, description, url)
VALUES
    (1, '웹 개발 프로젝트', 'https://storage.principes.xyz/1/files/portfolio1.pdf'),
    (2, 'AI 및 머신러닝 프로젝트', 'https://storage.principes.xyz/2/files/portfolio2.pdf'),
    (3, '교육 소프트웨어 개발', 'https://storage.principes.xyz/3/files/portfolio3.pdf'),
    (4, '대규모 웹 애플리케이션', 'https://storage.principes.xyz/4/files/portfolio4.pdf'),
    (5, '클라우드 컴퓨팅 및 데이터베이스', 'https://storage.principes.xyz/5/files/portfolio5.pdf'),
    (6, 'UI/UX 디자인 및 프론트엔드 개발', 'https://storage.principes.xyz/6/files/portfolio6.pdf'),
    (7, '의료 소프트웨어 개발', 'https://storage.principes.xyz/7/files/portfolio7.pdf'),
    (8, '법률 관련 소프트웨어 솔루션', 'https://storage.principes.xyz/8/files/portfolio8.pdf'),
    (9, '임베디드 시스템 및 IoT 프로젝트', 'https://storage.principes.xyz/9/files/portfolio9.pdf'),
    (10, '데이터 분석 및 마케팅 도구 개발', 'https://storage.principes.xyz/10/files/portfolio10.pdf'),
    (11, '게임 개발 및 그래픽 디자인', 'https://storage.principes.xyz/11/files/portfolio11.pdf'),
    (12, '최신 IT 트렌드 및 혁신적인 소프트웨어 솔루션', 'https://storage.principes.xyz/12/files/portfolio12.pdf'),
    (13, '교육 기획 및 웹 애플리케이션 개발', 'https://storage.principes.xyz/13/files/portfolio13.pdf'),
    (14, '효율적인 소프트웨어 아키텍처 설계', 'https://storage.principes.xyz/14/files/portfolio14.pdf'),
    (15, '과학 데이터 분석 도구 개발', 'https://storage.principes.xyz/15/files/portfolio15.pdf'),
    (16, '사용자 경험 디자인 및 웹 개발', 'https://storage.principes.xyz/16/files/portfolio16.pdf'),
    (17, '의료 데이터 분석 및 임상 연구', 'https://storage.principes.xyz/17/files/portfolio17.pdf'),
    (18, '법률 분석 및 소송 관리 시스템 개발', 'https://storage.principes.xyz/18/files/portfolio18.pdf'),
    (19, '기계 공학 관련 소프트웨어 개발', 'https://storage.principes.xyz/19/files/portfolio19.pdf'),
    (20, '브랜드 구축 및 마케팅 전략 개발', 'https://storage.principes.xyz/20/files/portfolio20.pdf'),
    (21, '예술 및 AI 기반 소프트웨어 개발', 'https://storage.principes.xyz/21/files/portfolio21.pdf'),
    (22, '네트워크 관리 및 시스템 개발', 'https://storage.principes.xyz/22/files/portfolio22.pdf'),
    (23, '학습 관리 시스템 개발', 'https://storage.principes.xyz/23/files/portfolio23.pdf'),
    (24, '글로벌 소프트웨어 프로젝트 관리', 'https://storage.principes.xyz/24/files/portfolio24.pdf'),
    (25, '과학 기술 기반 혁신 솔루션 개발', 'https://storage.principes.xyz/25/files/portfolio25.pdf');

INSERT INTO people_like (member_id, people_id, created_at)
VALUES
    (1, 1, NOW()), (1, 2, NOW()), (1, 5, NOW()), (1, 8, NOW()),
    (2, 3, NOW()), (2, 6, NOW()), (2, 9, NOW()), (2, 12, NOW()),
    (3, 4, NOW()), (3, 7, NOW()), (3, 10, NOW()), (3, 13, NOW()),
    (4, 5, NOW()), (4, 8, NOW()), (4, 11, NOW()), (4, 14, NOW()),
    (5, 6, NOW()), (5, 9, NOW()), (5, 12, NOW()), (5, 15, NOW()),
    (6, 7, NOW()), (6, 10, NOW()), (6, 13, NOW()), (6, 16, NOW()),
    (7, 8, NOW()), (7, 11, NOW()), (7, 14, NOW()), (7, 17, NOW()),
    (8, 9, NOW()), (8, 12, NOW()), (8, 15, NOW()), (8, 18, NOW()),
    (9, 10, NOW()), (9, 13, NOW()), (9, 16, NOW()), (9, 19, NOW()),
    (10, 11, NOW()), (10, 14, NOW()), (10, 17, NOW()), (10, 20, NOW()),
    (11, 12, NOW()), (11, 15, NOW()), (11, 18, NOW()), (11, 21, NOW()),
    (12, 13, NOW()), (12, 16, NOW()), (12, 19, NOW()), (12, 22, NOW()),
    (13, 14, NOW()), (13, 17, NOW()), (13, 20, NOW()), (13, 23, NOW()),
    (14, 15, NOW()), (14, 18, NOW()), (14, 21, NOW()), (14, 24, NOW()),
    (15, 16, NOW()), (15, 19, NOW()), (15, 22, NOW()), (15, 25, NOW()),
    (16, 17, NOW()), (16, 20, NOW()), (16, 23, NOW()), (16, 24, NOW()),
    (17, 18, NOW()), (17, 21, NOW()), (17, 22, NOW()), (17, 25, NOW()),
    (18, 19, NOW()), (18, 22, NOW()), (18, 23, NOW()), (18, 25, NOW()),
    (19, 20, NOW()), (19, 23, NOW()), (19, 24, NOW()), (19, 25, NOW()),
    (20, 21, NOW()), (20, 22, NOW()), (20, 25, NOW()),
    (21, 22, NOW()), (21, 23, NOW()),
    (22, 24, NOW()),
    (23, 25, NOW());

INSERT INTO client (
    client_id,
    member_id,
    account_holder,
    account_number,
    bank,
    email,
    street,
    zipcode,
    created_at,
    updated_at
)
VALUES
    (1, 26, '아이네', '123-456-789012', '하나은행', 'client1@gmail.com', '서울특별시 강남구 123-45', '12345', NOW(), NOW()),
    (2, 27, '징버거', '234-567-890123', '국민은행', 'client2@gmail.com', '부산광역시 해운대구 234-56', '23456', NOW(), NOW()),
    (3, 28, '릴파', '345-678-901234', '하나은행', 'client3@gmail.com', '부산광역시 해운대구 234-56', '24680', NOW(), NOW()),
    (4, 29, '주르르', '456-789-012345', '국민은행', 'client4@gmail.com', '서울특별시 송파구 345-67', '34567', NOW(), NOW()),
    (5, 30, '고세구', '567-890-123456', '기업은행', 'client5@gmail.com', '대구광역시 중구 456-78', '45678', NOW(), NOW()),
    (6, 31, '비챤', '678-901-234567', '농협은행', 'client6@gmail.com', '인천광역시 남동구 567-89', '56789', NOW(), NOW()),
    (7, 32, '장지우', '789-012-345678', '우리은행', 'client7@gmail.com', '경기도 용인시 678-90', '67890', NOW(), NOW()),
    (8, 33, '김나윤', '890-123-456789', '신한은행', 'client8@gmail.com', '서울특별시 마포구 789-01', '78901', NOW(), NOW()),
    (9, 34, '홍재민', '901-234-567890', '하나은행', 'client9@gmail.com', '경기도 고양시 890-12', '89012', NOW(), NOW()),
    (10, 35, '오채윤', '012-345-678901', '국민은행', 'client10@gmail.com', '부산광역시 부산진구 901-23', '90123', NOW(), NOW()),
    (11, 36, '신가은', '123-456-789013', '기업은행', 'client11@gmail.com', '서울특별시 강북구 012-34', '01234', NOW(), NOW()),
    (12, 37, '강태민', '234-567-890124', '농협은행', 'client12@gmail.com', '대전광역시 유성구 123-45', '12345', NOW(), NOW()),
    (13, 38, '윤서현', '345-678-901235', '우리은행', 'client13@gmail.com', '서울특별시 강서구 234-56', '23456', NOW(), NOW()),
    (14, 39, '정예빈', '456-789-012346', '신한은행', 'client14@gmail.com', '경기도 의정부시 345-67', '34567', NOW(), NOW()),
    (15, 40, '이도연', '567-890-123457', '하나은행', 'client15@gmail.com', '부산광역시 사하구 456-78', '45678', NOW(), NOW()),
    (16, 41, '박지민', '678-901-234568', '국민은행', 'client16@gmail.com', '인천광역시 연수구 567-89', '56789', NOW(), NOW()),
    (17, 42, '조하영', '789-012-345679', '기업은행', 'client17@gmail.com', '경기도 화성시 678-90', '67890', NOW(), NOW()),
    (18, 43, '문다현', '890-123-456780', '농협은행', 'client18@gmail.com', '서울특별시 서초구 789-01', '78901', NOW(), NOW()),
    (19, 44, '송예빈', '901-234-567891', '우리은행', 'client19@gmail.com', '경기도 평택시 890-12', '89012', NOW(), NOW()),
    (20, 45, '이수빈', '012-345-678902', '신한은행', 'client20@gmail.com', '부산광역시 동래구 901-23', '90123', NOW(), NOW()),
    (21, 46, '강지태', '123-456-789014', '하나은행', 'client21@gmail.com', '서울특별시 동작구 012-34', '01234', NOW(), NOW()),
    (22, 47, '장채윤', '234-567-890125', '국민은행', 'client22@gmail.com', '대구광역시 달서구 123-45', '12345', NOW(), NOW()),
    (23, 48, '박하린', '345-678-901236', '기업은행', 'client23@gmail.com', '서울특별시 강남구 234-56', '23456', NOW(), NOW()),
    (24, 49, '이지안', '456-789-012347', '농협은행', 'client24@gmail.com', '경기도 고양시 덕양구 345-67', '34567', NOW(), NOW()),
    (25, 50, '김은호', '567-890-123458', '우리은행', 'client25@gmail.com', '부산광역시 기장군 456-78', '45678', NOW(), NOW());

INSERT INTO project (
    project_id,
    application_start_date,
    application_end_date,
    estimated_start_date,
    estimated_end_date,
    payment,
    category,
    description,
    meeting_type,
    status,
    title,
    client_id,
    created_at,
    updated_at,
    recruitment_count
)
VALUES
    (1, '2024-09-01', '2024-09-15', '2024-09-20', '2024-11-01', 500000, 'BACKEND', '새 시스템을 위한 백엔드 개발', 'REMOTE', 'APPLYING', '시스템 백엔드 리뉴얼', 1, NOW(), NOW(), 5),
    (2, '2024-09-15', '2024-10-01', '2024-10-05', '2024-12-01', 600000, 'FRONTEND', '프론트엔드 디자인 및 구현', 'IN_PERSON', 'APPLYING', '웹사이트 리디자인', 2, NOW(), NOW(), 5),
    (3, '2024-10-01', '2024-10-15', '2024-10-20', '2024-12-15', 700000, 'PROGRAM', '새 애플리케이션을 위한 프로그래밍', 'REMOTE', 'PREPARING', '새 애플리케이션 개발', 3, NOW(), NOW(), 5),
    (4, '2024-09-20', '2024-10-10', '2024-10-15', '2024-12-31', 800000, 'WEB', '웹 애플리케이션 개발 프로젝트', 'IN_PERSON', 'PREPARING', '전자상거래 플랫폼', 4, NOW(), NOW(), 5),
    (5, '2024-09-05', '2024-09-20', '2024-09-25', '2024-11-20', 550000, 'BACKEND', '모바일 앱을 위한 API 개발', 'REMOTE', 'APPLYING', '모바일 API 통합', 5, NOW(), NOW(), 5),
    (6, '2024-08-30', '2024-09-15', '2024-09-20', '2024-11-30', 620000, 'FRONTEND', 'UI/UX 개선 작업', 'IN_PERSON', 'APPLYING', 'UI/UX 향상', 6, NOW(), NOW(), 5),
    (7, '2024-09-10', '2024-09-30', '2024-10-01', '2024-12-15', 500000, 'PROGRAM', '내부 도구를 위한 소프트웨어 프로그래밍', 'REMOTE', 'PREPARING', '내부 도구 업그레이드', 7, NOW(), NOW(), 5),
    (8, '2024-09-15', '2024-10-05', '2024-10-10', '2024-12-10', 750000, 'WEB', '완전한 웹 개발', 'IN_PERSON', 'APPLYING', '완전한 웹 솔루션', 8, NOW(), NOW(), 5),
    (9, '2024-09-01', '2024-09-20', '2024-09-25', '2024-11-15', 530000, 'BACKEND', '백엔드 API 구축', 'REMOTE', 'APPLYING', '백엔드 API 구축', 9, NOW(), NOW(), 5),
    (10, '2024-09-20', '2024-10-01', '2024-10-05', '2024-12-10', 600000, 'FRONTEND', '사용자 인터페이스 디자인 개선', 'IN_PERSON', 'PREPARING', 'UI 디자인 개선', 10, NOW(), NOW(), 5),
    (11, '2024-09-05', '2024-09-25', '2024-09-30', '2024-11-30', 620000, 'PROGRAM', '새 소프트웨어 모듈 개발', 'REMOTE', 'APPLYING', '소프트웨어 모듈 개발', 11, NOW(), NOW(), 5),
    (12, '2024-10-01', '2024-10-20', '2024-10-25', '2024-12-15', 700000, 'WEB', '웹사이트 기능 추가', 'IN_PERSON', 'PREPARING', '웹사이트 기능 추가', 12, NOW(), NOW(), 5),
    (13, '2024-08-25', '2024-09-15', '2024-09-20', '2024-11-10', 550000, 'BACKEND', '서버 관리 시스템 구축', 'REMOTE', 'APPLYING', '서버 관리 시스템', 13, NOW(), NOW(), 5),
    (14, '2024-09-05', '2024-09-25', '2024-09-30', '2024-11-30', 580000, 'FRONTEND', '웹 프론트엔드 기능 개선', 'IN_PERSON', 'APPLYING', '프론트엔드 개선', 14, NOW(), NOW(), 5),
    (15, '2024-09-15', '2024-10-10', '2024-10-15', '2024-12-20', 630000, 'PROGRAM', '애플리케이션 데이터베이스 설계', 'REMOTE', 'PREPARING', '데이터베이스 설계', 15, NOW(), NOW(), 5),
    (16, '2024-08-15', '2024-09-15', '2024-09-20', '2024-11-15', 610000, 'WEB', '웹 애플리케이션 보안 강화', 'IN_PERSON', 'APPLYING', '웹 보안 강화', 16, NOW(), NOW(), 5),
    (17, '2024-09-05', '2024-09-25', '2024-09-30', '2024-12-15', 650000, 'BACKEND', '서버 성능 개선 프로젝트', 'REMOTE', 'PREPARING', '서버 성능 개선', 17, NOW(), NOW(), 5),
    (18, '2024-08-25', '2024-09-10', '2024-09-15', '2024-11-30', 560000, 'FRONTEND', '웹페이지 반응형 디자인', 'IN_PERSON', 'APPLYING', '반응형 디자인', 18, NOW(), NOW(), 5),
    (19, '2024-09-10', '2024-10-01', '2024-10-05', '2024-12-25', 620000, 'PROGRAM', '소프트웨어 테스트 및 배포', 'REMOTE', 'PREPARING', '소프트웨어 테스트', 19, NOW(), NOW(), 5),
    (20, '2024-09-01', '2024-09-20', '2024-09-25', '2024-11-20', 540000, 'WEB', '웹사이트 콘텐츠 관리 시스템 구축', 'IN_PERSON', 'APPLYING', 'CMS 구축', 20, NOW(), NOW(), 5),
    (21, '2024-09-10', '2024-09-30', '2024-10-01', '2024-12-10', 670000, 'BACKEND', '클라우드 기반 백엔드 시스템 구축', 'REMOTE', 'PREPARING', '클라우드 백엔드', 21, NOW(), NOW(), 5),
    (22, '2024-08-30', '2024-09-20', '2024-09-25', '2024-11-30', 600000, 'FRONTEND', '웹사이트 사용자 경험 개선', 'IN_PERSON', 'APPLYING', 'UX 개선', 22, NOW(), NOW(), 5),
    (23, '2024-09-15', '2024-10-05', '2024-10-10', '2024-12-05', 640000, 'PROGRAM', '애플리케이션 기능 추가', 'REMOTE', 'PREPARING', '기능 추가', 23, NOW(), NOW(), 5),
    (24, '2024-09-10', '2024-10-01', '2024-10-05', '2024-11-25', 560000, 'WEB', '웹사이트 유지보수', 'IN_PERSON', 'APPLYING', '웹 유지보수', 24, NOW(), NOW(), 5),
    (25, '2024-09-20', '2024-10-15', '2024-10-20', '2025-02-01', 690000, 'BACKEND', 'API 성능 개선', 'REMOTE', 'PREPARING', 'API 성능', 25, NOW(), NOW(), 5);

INSERT INTO project_hashtag (project_id, hashtags)
VALUES
    (1, '#백엔드'), (1, '#API'), (1, '#개발'), (1, '#시스템'),
    (2, '#프론트엔드'), (2, '#디자인'), (2, '#UI/UX'), (2, '#웹사이트'),
    (3, '#프로그래밍'), (3, '#애플리케이션'), (3, '#소프트웨어'), (3, '#개발'),
    (4, '#웹'), (4, '#개발'), (4, '#전자상거래'), (4, '#플랫폼'),
    (5, '#백엔드'), (5, '#모바일'), (5, '#API'), (5, '#통합'),
    (6, '#프론트엔드'), (6, '#UI/UX'), (6, '#개선'), (6, '#디자인'),
    (7, '#프로그래밍'), (7, '#소프트웨어'), (7, '#도구'), (7, '#업그레이드'),
    (8, '#웹'), (8, '#개발'), (8, '#솔루션'), (8, '#완전한'),
    (9, '#백엔드'), (9, '#API'), (9, '#구축'), (9, '#개발'),
    (10, '#프론트엔드'), (10, '#UI'), (10, '#디자인'), (10, '#개선'),
    (11, '#프로그래밍'), (11, '#소프트웨어'), (11, '#모듈'), (11, '#개발'),
    (12, '#웹'), (12, '#기능'), (12, '#추가'), (12, '#개발'),
    (13, '#백엔드'), (13, '#서버'), (13, '#관리'), (13, '#시스템'),
    (14, '#프론트엔드'), (14, '#웹'), (14, '#기능'), (14, '#개선'),
    (15, '#프로그래밍'), (15, '#데이터베이스'), (15, '#설계'), (15, '#애플리케이션'),
    (16, '#웹'), (16, '#애플리케이션'), (16, '#보안'), (16, '#강화'),
    (17, '#백엔드'), (17, '#서버'), (17, '#성능'), (17, '#개선'),
    (18, '#프론트엔드'), (18, '#웹페이지'), (18, '#반응형'), (18, '#디자인'),
    (19, '#프로그래밍'), (19, '#소프트웨어'), (19, '#테스트'), (19, '#배포'),
    (20, '#웹'), (20, '#콘텐츠'), (20, '#관리'), (20, '#시스템'),
    (21, '#백엔드'), (21, '#클라우드'), (21, '#시스템'), (21, '#구축'),
    (22, '#프론트엔드'), (22, '#웹사이트'), (22, '#사용자'), (22, '#경험'),
    (23, '#프로그래밍'), (23, '#기능'), (23, '#추가'), (23, '#애플리케이션'),
    (24, '#웹'), (24, '#유지보수'), (24, '#웹사이트'), (24, '#개선'),
    (25, '#백엔드'), (25, '#API'), (25, '#성능'), (25, '#개선');

INSERT INTO project_attachment_file (project_id, attachment_files)
VALUES
    (1, 'https://storage.principes.xyz/1/files/project1_document.pdf'),
    (1, 'https://storage.principes.xyz/1/files/project1_image.pdf'),
    (2, 'https://storage.principes.xyz/2/files/project2_presentation.pdf'),
    (2, 'https://storage.principes.xyz/2/files/project2_diagram.pdf'),
    (3, 'https://storage.principes.xyz/3/files/project3_report.pdf'),
    (3, 'https://storage.principes.xyz/3/files/project3_plan.pdf'),
    (4, 'https://storage.principes.xyz/4/files/project4_design.pdf'),
    (4, 'https://storage.principes.xyz/4/files/project4_prototype.pdf'),
    (5, 'https://storage.principes.xyz/5/files/project5_analysis.pdf'),
    (5, 'https://storage.principes.xyz/5/files/project5_summary.pdf'),
    (6, 'https://storage.principes.xyz/6/files/project6_code.pdf'),
    (6, 'https://storage.principes.xyz/6/files/project6_documentation.pdf'),
    (7, 'https://storage.principes.xyz/7/files/project7_research.pdf'),
    (7, 'https://storage.principes.xyz/7/files/project7_data.pdf'),
    (8, 'https://storage.principes.xyz/8/files/project8_article.pdf'),
    (8, 'https://storage.principes.xyz/8/files/project8_notes.pdf'),
    (9, 'https://storage.principes.xyz/9/files/project9_design.pdf'),
    (9, 'https://storage.principes.xyz/9/files/project9_brief.pdf'),
    (10, 'https://storage.principes.xyz/10/files/project10_plan.pdf'),
    (10, 'https://storage.principes.xyz/10/files/project10_report.pdf'),
    (11, 'https://storage.principes.xyz/11/files/project11_document.pdf'),
    (11, 'https://storage.principes.xyz/11/files/project11_summary.pdf'),
    (12, 'https://storage.principes.xyz/12/files/project12_presentation.pdf'),
    (12, 'https://storage.principes.xyz/12/files/project12_diagram.pdf'),
    (13, 'https://storage.principes.xyz/13/files/project13_research.pdf'),
    (13, 'https://storage.principes.xyz/13/files/project13_data.pdf'),
    (14, 'https://storage.principes.xyz/14/files/project14_report.pdf'),
    (14, 'https://storage.principes.xyz/14/files/project14_analysis.pdf'),
    (15, 'https://storage.principes.xyz/15/files/project15_summary.pdf'),
    (15, 'https://storage.principes.xyz/15/files/project15_notes.pdf'),
    (16, 'https://storage.principes.xyz/16/files/project16_design.pdf'),
    (16, 'https://storage.principes.xyz/16/files/project16_prototype.pdf'),
    (17, 'https://storage.principes.xyz/17/files/project17_document.pdf'),
    (17, 'https://storage.principes.xyz/17/files/project17_plan.pdf'),
    (18, 'https://storage.principes.xyz/18/files/project18_research.pdf'),
    (18, 'https://storage.principes.xyz/18/files/project18_data.pdf'),
    (19, 'https://storage.principes.xyz/19/files/project19_summary.pdf'),
    (19, 'https://storage.principes.xyz/19/files/project19_notes.pdf'),
    (20, 'https://storage.principes.xyz/20/files/project20_document.pdf'),
    (20, 'https://storage.principes.xyz/20/files/project20_plan.pdf'),
    (21, 'https://storage.principes.xyz/21/files/project21_report.pdf'),
    (21, 'https://storage.principes.xyz/21/files/project21_analysis.pdf'),
    (22, 'https://storage.principes.xyz/22/files/project22_summary.pdf'),
    (22, 'https://storage.principes.xyz/22/files/project22_notes.pdf'),
    (23, 'https://storage.principes.xyz/23/files/project23_document.pdf'),
    (23, 'https://storage.principes.xyz/23/files/project23_plan.pdf'),
    (24, 'https://storage.principes.xyz/24/files/project24_report.pdf'),
    (24, 'https://storage.principes.xyz/24/files/project24_analysis.pdf'),
    (25, 'https://storage.principes.xyz/25/files/project25_summary.pdf'),
    (25, 'https://storage.principes.xyz/25/files/project25_notes.pdf');

INSERT INTO project_like (member_id, project_id, created_at)
VALUES
    (1, 1, NOW()), (1, 2, NOW()), (1, 5, NOW()), (1, 8, NOW()),
    (2, 3, NOW()), (2, 6, NOW()), (2, 9, NOW()), (2, 12, NOW()),
    (3, 4, NOW()), (3, 7, NOW()), (3, 10, NOW()), (3, 13, NOW()),
    (4, 5, NOW()), (4, 8, NOW()), (4, 11, NOW()), (4, 14, NOW()),
    (5, 6, NOW()), (5, 9, NOW()), (5, 12, NOW()), (5, 15, NOW()),
    (6, 7, NOW()), (6, 10, NOW()), (6, 13, NOW()), (6, 16, NOW()),
    (7, 8, NOW()), (7, 11, NOW()), (7, 14, NOW()), (7, 17, NOW()),
    (8, 9, NOW()), (8, 12, NOW()), (8, 15, NOW()), (8, 18, NOW()),
    (9, 10, NOW()), (9, 13, NOW()), (9, 16, NOW()), (9, 19, NOW()),
    (10, 11, NOW()), (10, 14, NOW()), (10, 17, NOW()), (10, 20, NOW()),
    (11, 12, NOW()), (11, 15, NOW()), (11, 18, NOW()), (11, 21, NOW()),
    (12, 13, NOW()), (12, 16, NOW()), (12, 19, NOW()), (12, 22, NOW()),
    (13, 14, NOW()), (13, 17, NOW()), (13, 20, NOW()), (13, 23, NOW()),
    (14, 15, NOW()), (14, 18, NOW()), (14, 21, NOW()), (14, 24, NOW()),
    (15, 16, NOW()), (15, 19, NOW()), (15, 22, NOW()), (15, 25, NOW()),
    (16, 17, NOW()), (16, 20, NOW()), (16, 23, NOW()), (16, 24, NOW()),
    (17, 18, NOW()), (17, 21, NOW()), (17, 22, NOW()), (17, 25, NOW()),
    (18, 19, NOW()), (18, 22, NOW()), (18, 23, NOW()), (18, 25, NOW()),
    (19, 20, NOW()), (19, 23, NOW()), (19, 24, NOW()), (19, 25, NOW()),
    (20, 21, NOW()), (20, 22, NOW()), (20, 25, NOW()),
    (21, 22, NOW()), (21, 23, NOW()),
    (22, 24, NOW()),
    (23, 25, NOW());

INSERT INTO project_application (
    project_application_id,
    expected_start_date,
    expected_end_date,
    description,
    status,
    people_id,
    project_id,
    created_at,
    updated_at,
    dtype
)
VALUES
    (1, '2024-01-01', '2024-01-05', '개발 지원서 작성', 'COMPLETED', 1, 1, now(), now(), 'INDIVIDUAL'),
    (2, '2024-02-01', '2024-02-05', '웹사이트 구축', 'COMPLETED', 2, 1, now(), now(), 'INDIVIDUAL'),
    (3, '2024-03-01', '2024-03-05', '데이터 분석 프로젝트', 'COMPLETED', 3, 1, now(), now(), 'INDIVIDUAL'),
    (4, '2024-04-01', '2024-04-05', '모바일 앱 개발', 'COMPLETED', 4, 1, now(), now(), 'INDIVIDUAL'),
    (5, '2024-05-01', '2024-05-05', 'AI 모델 구축', 'COMPLETED', 5, 1, now(), now(), 'INDIVIDUAL'),
    (6, '2024-06-01', '2024-06-05', '대규모 시스템 개발', 'COMPLETED', 6, 1, now(), now(), 'TEAM'),
    (7, '2024-07-01', '2024-07-05', '클라우드 인프라 구축', 'COMPLETED', 7, 1, now(), now(), 'TEAM'),
    (8, '2024-08-01', '2024-08-05', 'AI 프로젝트 공동 진행', 'COMPLETED', 8, 1, now(), now(), 'TEAM'),
    (9, '2024-09-01', '2024-09-05', 'IoT 플랫폼 개발', 'COMPLETED', 9, 1, now(), now(), 'TEAM'),
    (10, '2024-10-01', '2024-10-05', '데이터 엔지니어링 프로젝트', 'COMPLETED', 10, 1, now(), now(), 'TEAM');

INSERT INTO individual_project_application (project_application_id) VALUES (1), (2), (3), (4), (5);

INSERT INTO team_project_application (project_application_id) VALUES (6), (7), (8), (9), (10);

INSERT INTO team_project_application_teammate (
    teammate_id,
    people_id,
    status,
    project_application_id,
    created_at,
    updated_at
)
VALUES
    (1, 11, 'APPROVED', 6, now(), now()),
    (2, 12, 'APPROVED', 6, now(), now()),
    (3, 13, 'APPROVED', 7, now(), now()),
    (4, 14, 'APPROVED', 7, now(), now()),
    (5, 15, 'APPROVED', 8, now(), now()),
    (6, 16, 'APPROVED', 8, now(), now()),
    (7, 17, 'APPROVED', 9, now(), now()),
    (8, 18, 'APPROVED', 9, now(), now()),
    (9, 19, 'APPROVED', 10, now(), now()),
    (10, 20, 'APPROVED', 10, now(), now());
